Latitude,Longitude,Crime Type,Arrest,Domestic,Date
41.74981604753894,-87.82594682846455,Robbery,False,False,2020-01-01 00:00:00
41.98028572256397,-87.68323962104866,Burglary,False,False,2020-01-01 01:00:00
41.89279757672456,-87.55082166564944,Robbery,True,True,2020-01-01 02:00:00
41.83946339367881,-87.60711004543617,Assault,False,False,2020-01-01 03:00:00
41.66240745617698,-87.57737554085543,Assault,False,False,2020-01-01 04:00:00
41.66239780813448,-87.63648665331571,Theft,True,True,2020-01-01 05:00:00
41.62323344486728,-87.62308937419286,Vandalism,False,False,2020-01-01 06:00:00
41.946470458309975,-87.56032173937388,Robbery,False,False,2020-01-01 07:00:00
41.840446004697284,-87.80013279645632,Theft,False,False,2020-01-01 08:00:00
41.88322903111842,-87.70423001454274,Vandalism,False,False,2020-01-01 09:00:00
41.60823379771832,-87.81151622327216,Robbery,True,False,2020-01-01 10:00:00
41.987963940864795,-87.50493279680134,Burglary,False,False,2020-01-01 11:00:00
41.93297705632017,-87.52237626412536,Robbery,False,False,2020-01-01 12:00:00
41.68493564427131,-87.8842292754526,Assault,True,False,2020-01-01 13:00:00
41.67272998688284,-87.61776993099373,Assault,False,True,2020-01-01 14:00:00
41.673361803941376,-87.52990067303374,Burglary,True,True,2020-01-01 15:00:00
41.72169689718382,-87.82776986194906,Theft,True,False,2020-01-01 16:00:00
41.809902572652895,-87.67282190777895,Vandalism,True,False,2020-01-01 17:00:00
41.77277800745685,-87.53380468096478,Robbery,False,True,2020-01-01 18:00:00
41.71649165607922,-87.88642160856568,Assault,True,False,2020-01-01 19:00:00
41.844741157888954,-87.62103189310126,Theft,True,False,2020-01-01 20:00:00
41.65579754426082,-87.78106039705098,Burglary,True,True,2020-01-01 21:00:00
41.71685785941409,-87.53024152184939,Assault,False,True,2020-01-01 22:00:00
41.74654473731748,-87.51157670193385,Burglary,False,True,2020-01-01 23:00:00
41.78242799368682,-87.52229340435463,Robbery,False,False,2020-01-02 00:00:00
41.914070384557206,-87.71031431333702,Vandalism,False,False,2020-01-02 01:00:00
41.67986951286335,-87.55518293960428,Assault,False,True,2020-01-02 02:00:00
41.80569377536545,-87.56218024058597,Assault,False,True,2020-01-02 03:00:00
41.836965827544816,-87.7723598107027,Robbery,False,False,2020-01-02 04:00:00
41.618580165088,-87.56843381033973,Theft,True,True,2020-01-02 05:00:00
41.843017940760575,-87.88519694611381,Vandalism,True,False,2020-01-02 06:00:00
41.66820964947492,-87.66149204860719,Assault,True,False,2020-01-02 07:00:00
41.62602063719412,-87.80799646508493,Vandalism,True,True,2020-01-02 08:00:00
41.979554214901334,-87.85177324568909,Assault,False,True,2020-01-02 09:00:00
41.986252813229825,-87.86921871934832,Vandalism,True,False,2020-01-02 10:00:00
41.92335893924658,-87.62148448964875,Burglary,True,True,2020-01-02 11:00:00
41.72184550766935,-87.76405001449278,Assault,True,True,2020-01-02 12:00:00
41.63906884560255,-87.6100932913885,Vandalism,True,True,2020-01-02 13:00:00
41.87369321060486,-87.87385746368042,Theft,False,True,2020-01-02 14:00:00
41.77606099749584,-87.77388386486776,Burglary,False,False,2020-01-02 15:00:00
41.648815293937915,-87.68420348304987,Burglary,False,False,2020-01-02 16:00:00
41.79807076404451,-87.58371073406441,Theft,True,False,2020-01-02 17:00:00
41.61375540844609,-87.77249899882717,Vandalism,False,False,2020-01-02 18:00:00
41.963728160831515,-87.6496434494252,Robbery,True,True,2020-01-02 19:00:00
41.70351199264001,-87.54560890070553,Theft,False,True,2020-01-02 20:00:00
41.86500891374159,-87.65365472472708,Vandalism,False,False,2020-01-02 21:00:00
41.724684430435765,-87.80681621009855,Theft,False,False,2020-01-02 22:00:00
41.808027208471124,-87.89023968737739,Theft,False,True,2020-01-02 23:00:00
41.81868411173731,-87.55196045043962,Assault,False,False,2020-01-03 00:00:00
41.673941782210214,-87.89149223565985,Vandalism,True,False,2020-01-03 01:00:00
41.987833851105826,-87.55011933092632,Robbery,False,True,2020-01-03 02:00:00
41.91005312934445,-87.68842514638912,Assault,True,False,2020-01-03 03:00:00
41.975799576625676,-87.52437292059484,Theft,True,True,2020-01-03 04:00:00
41.95793094017106,-87.58048670569053,Theft,True,True,2020-01-03 05:00:00
41.83915999152443,-87.50082635578667,Theft,True,False,2020-01-03 06:00:00
41.96874969400925,-87.75971527381932,Vandalism,True,True,2020-01-03 07:00:00
41.63539700082077,-87.59312468442755,Vandalism,False,False,2020-01-03 08:00:00
41.67839314496766,-87.7392276345563,Assault,False,True,2020-01-03 09:00:00
41.61809091556422,-87.70804975187843,Robbery,False,False,2020-01-03 10:00:00
41.73013213230531,-87.64899781471266,Assault,False,False,2020-01-03 11:00:00
41.75547091587579,-87.55052915432546,Burglary,True,False,2020-01-03 12:00:00
41.70853961270956,-87.50636661232028,Theft,False,True,2020-01-03 13:00:00
41.93149500366077,-87.5926906344542,Theft,False,True,2020-01-03 14:00:00
41.742701330677434,-87.73289328713307,Theft,True,False,2020-01-03 15:00:00
41.712373803874954,-87.73145719908918,Assault,True,True,2020-01-03 16:00:00
41.8170784332633,-87.60496707936444,Assault,False,False,2020-01-03 17:00:00
41.65636968998991,-87.80448914169268,Theft,False,False,2020-01-03 18:00:00
41.920878792301615,-87.85581035474745,Assault,True,True,2020-01-03 19:00:00
41.62982025747191,-87.7581511369437,Vandalism,False,False,2020-01-03 20:00:00
41.99475477464021,-87.78510440333837,Vandalism,False,True,2020-01-03 21:00:00
41.90889790771866,-87.7814767518176,Assault,False,False,2020-01-03 22:00:00
41.67948627261367,-87.80655689958004,Theft,False,True,2020-01-03 23:00:00
41.60220884684944,-87.88316272414546,Assault,True,False,2020-01-04 00:00:00
41.92618457138193,-87.89285042610663,Assault,True,False,2020-01-04 01:00:00
41.88274293753905,-87.50491104410558,Assault,True,True,2020-01-04 02:00:00
41.89160286721639,-87.72889074650566,Burglary,False,False,2020-01-04 03:00:00
41.90850813867438,-87.74626934113613,Vandalism,False,False,2020-01-04 04:00:00
41.629617860693635,-87.62814108692277,Robbery,False,True,2020-01-04 05:00:00
41.74338629141771,-87.81269844485398,Robbery,False,False,2020-01-04 06:00:00
41.64634762381005,-87.52001552641991,Burglary,False,True,2020-01-04 07:00:00
41.94524137035024,-87.58546199423378,Assault,True,False,2020-01-04 08:00:00
41.84931925073102,-87.8642355990751,Burglary,False,True,2020-01-04 09:00:00
41.73235920994106,-87.73296768968603,Burglary,False,False,2020-01-04 10:00:00
41.62542334011441,-87.54835267697513,Theft,True,False,2020-01-04 11:00:00
41.724392928686264,-87.52210719108344,Vandalism,False,False,2020-01-04 12:00:00
41.7300733288107,-87.71303939550006,Robbery,True,True,2020-01-04 13:00:00
41.891842471335224,-87.65463544431572,Assault,True,True,2020-01-04 14:00:00
41.85502298854209,-87.83318642156317,Robbery,True,True,2020-01-04 15:00:00
41.954885097030534,-87.50353254954521,Robbery,True,True,2020-01-04 16:00:00
41.78888597006478,-87.80733131944663,Vandalism,True,False,2020-01-04 17:00:00
41.64783769837532,-87.52290729034596,Robbery,False,False,2020-01-04 18:00:00
41.8852979148892,-87.64014134040305,Robbery,True,True,2020-01-04 19:00:00
41.90431401944676,-87.65690528204846,Burglary,True,True,2020-01-04 20:00:00
41.8245108790278,-87.6949245955934,Vandalism,False,True,2020-01-04 21:00:00
41.908386871981826,-87.8077320753129,Theft,False,False,2020-01-04 22:00:00
41.797518238545756,-87.8293887871978,Assault,True,True,2020-01-04 23:00:00
41.809093131752796,-87.81180551637193,Robbery,False,True,2020-01-05 00:00:00
41.77101640734342,-87.8254246951423,Assault,False,False,2020-01-05 01:00:00
41.61016765069764,-87.5881662105733,Theft,True,False,2020-01-05 02:00:00
41.64315657079732,-87.75994989633331,Assault,True,True,2020-01-05 03:00:00
41.6125716742747,-87.87686292937465,Theft,False,False,2020-01-05 04:00:00
41.85456416450551,-87.51235894794368,Burglary,True,True,2020-01-05 05:00:00
41.72574239243053,-87.54648564601463,Robbery,True,False,2020-01-05 06:00:00
41.80342827646588,-87.52889908672192,Theft,False,True,2020-01-05 07:00:00
41.96302658957044,-87.50203687094142,Assault,True,True,2020-01-05 08:00:00
41.69971689165955,-87.83044190031221,Robbery,True,True,2020-01-05 09:00:00
41.764153169214254,-87.74150319243894,Burglary,True,True,2020-01-05 10:00:00
41.90222045541722,-87.59670460971836,Robbery,True,False,2020-01-05 11:00:00
41.69151926619665,-87.62159175277849,Theft,True,False,2020-01-05 12:00:00
41.63079196393152,-87.83844163746406,Burglary,False,False,2020-01-05 13:00:00
41.715900581165506,-87.57366675000375,Assault,False,False,2020-01-05 14:00:00
41.664488514901606,-87.81022377126534,Burglary,True,True,2020-01-05 15:00:00
41.97187906093703,-87.81047295407096,Burglary,False,True,2020-01-05 16:00:00
41.92324815182577,-87.68521023084264,Vandalism,True,False,2020-01-05 17:00:00
41.85336150260417,-87.66282402606332,Burglary,True,False,2020-01-05 18:00:00
41.948584236075085,-87.66796551686488,Burglary,True,False,2020-01-05 19:00:00
41.92146883075964,-87.86340526504091,Robbery,True,False,2020-01-05 20:00:00
41.67462802355441,-87.54901565494785,Assault,True,False,2020-01-05 21:00:00
41.95702359939599,-87.79375998296452,Robbery,False,True,2020-01-05 22:00:00
41.81573689676626,-87.84819403148688,Robbery,False,True,2020-01-05 23:00:00
41.92297606206562,-87.54450076805242,Theft,True,True,2020-01-06 00:00:00
41.958436519969396,-87.5177394007081,Robbery,False,False,2020-01-06 01:00:00
41.72720138998875,-87.55514895309382,Vandalism,True,False,2020-01-06 02:00:00
41.64402076981107,-87.57619357011005,Vandalism,False,False,2020-01-06 03:00:00
41.691174065016774,-87.63790320774439,Theft,True,False,2020-01-06 04:00:00
41.7708431154505,-87.67965705175635,Assault,False,True,2020-01-06 05:00:00
41.927205906369,-87.86520529603544,Assault,True,True,2020-01-06 06:00:00
41.94429223330254,-87.73661871477172,Robbery,True,False,2020-01-06 07:00:00
41.602780852212476,-87.75092459319508,Robbery,False,True,2020-01-06 08:00:00
41.80429892103103,-87.79609848649588,Robbery,False,True,2020-01-06 09:00:00
41.766964401259514,-87.61063195452456,Assault,True,False,2020-01-06 10:00:00
41.688843124188296,-87.70164970596849,Burglary,False,False,2020-01-06 11:00:00
41.64794614693347,-87.86758151363695,Vandalism,True,False,2020-01-06 12:00:00
41.73504606856145,-87.81192671922008,Burglary,False,False,2020-01-06 13:00:00
41.977163881565005,-87.62669649453616,Burglary,False,False,2020-01-06 14:00:00
41.7292811728083,-87.86954765620389,Assault,True,False,2020-01-06 15:00:00
41.80751624869735,-87.5595172343805,Burglary,False,True,2020-01-06 16:00:00
41.88120758355807,-87.70194138919442,Theft,False,True,2020-01-06 17:00:00
41.745451840951716,-87.70776536906935,Robbery,True,False,2020-01-06 18:00:00
41.988712833088385,-87.6630368861362,Theft,False,True,2020-01-06 19:00:00
41.984978917976846,-87.57012761362994,Vandalism,True,False,2020-01-06 20:00:00
41.70071291833015,-87.76087631683913,Robbery,True,False,2020-01-06 21:00:00
41.79889940235695,-87.62879353897638,Burglary,True,False,2020-01-06 22:00:00
41.72035132392671,-87.67370721440169,Vandalism,True,False,2020-01-06 23:00:00
41.71393619775099,-87.79318869193223,Robbery,True,True,2020-01-07 00:00:00
41.614754778941816,-87.54854800545793,Burglary,False,False,2020-01-07 01:00:00
41.843825733591956,-87.58102959135724,Theft,True,True,2020-01-07 02:00:00
41.80107160929155,-87.63661926613663,Robbery,True,False,2020-01-07 03:00:00
41.6205915005,-87.55976730836231,Burglary,False,False,2020-01-07 04:00:00
41.71145858569464,-87.55308231961608,Theft,False,False,2020-01-07 05:00:00
41.96330635438666,-87.61665480931399,Vandalism,False,True,2020-01-07 06:00:00
41.69582475626679,-87.56519466865453,Vandalism,True,False,2020-01-07 07:00:00
41.65795794883649,-87.62101141533229,Vandalism,True,False,2020-01-07 08:00:00
41.79578110411103,-87.62794369129588,Vandalism,True,False,2020-01-07 09:00:00
41.99426018164424,-87.65255544871393,Assault,False,True,2020-01-07 10:00:00
41.6968221086046,-87.59891334417695,Robbery,True,True,2020-01-07 11:00:00
41.868854218962355,-87.83655795788277,Robbery,False,True,2020-01-07 12:00:00
41.90464784613149,-87.54765169632043,Assault,True,False,2020-01-07 13:00:00
41.695055017596964,-87.5512625889019,Burglary,False,True,2020-01-07 14:00:00
41.89128653944474,-87.88830108678619,Burglary,True,False,2020-01-07 15:00:00
41.747113253087704,-87.5696732997741,Vandalism,True,True,2020-01-07 16:00:00
41.85292233223743,-87.84845205301063,Theft,True,True,2020-01-07 17:00:00
41.85341188430436,-87.76595245829634,Burglary,False,False,2020-01-07 18:00:00
41.8143098736299,-87.60259669748336,Theft,False,True,2020-01-07 19:00:00
41.636115908021765,-87.83569604158068,Robbery,True,False,2020-01-07 20:00:00
41.9341209982357,-87.57281319035238,Theft,True,False,2020-01-07 21:00:00
41.72831202598869,-87.5671463288169,Robbery,True,True,2020-01-07 22:00:00
41.67460740415994,-87.69701290649567,Assault,False,False,2020-01-07 23:00:00
41.616310056621906,-87.89744565131328,Assault,True,False,2020-01-08 00:00:00
41.836357177275296,-87.78518474673004,Vandalism,True,True,2020-01-08 01:00:00
41.87102574473691,-87.65322923264971,Burglary,True,True,2020-01-08 02:00:00
41.606635131571146,-87.50752552878903,Vandalism,True,False,2020-01-08 03:00:00
41.804837223319716,-87.64727458919333,Robbery,False,True,2020-01-08 04:00:00
41.690598310079174,-87.79607856757434,Vandalism,False,False,2020-01-08 05:00:00
41.85806911616378,-87.64639771876016,Theft,True,False,2020-01-08 06:00:00
41.669746571602,-87.68400584811366,Robbery,True,True,2020-01-08 07:00:00
41.87637509524099,-87.58806184193955,Assault,False,True,2020-01-08 08:00:00
41.754694138520215,-87.85720774446922,Burglary,False,True,2020-01-08 09:00:00
41.974691995494695,-87.59558883899919,Robbery,True,True,2020-01-08 10:00:00
41.6550083776584,-87.68349336852955,Robbery,False,False,2020-01-08 11:00:00
41.736426540420105,-87.5148031984564,Theft,False,False,2020-01-08 12:00:00
41.645389408496236,-87.76325113358453,Burglary,True,True,2020-01-08 13:00:00
41.969877447311426,-87.64695124274643,Assault,False,True,2020-01-08 14:00:00
41.950935741352396,-87.527188757796,Robbery,False,False,2020-01-08 15:00:00
41.70317665108606,-87.85899610880374,Robbery,True,False,2020-01-08 16:00:00
41.86399361841367,-87.52510860510542,Theft,True,False,2020-01-08 17:00:00
41.92688888008048,-87.62484571107967,Vandalism,False,False,2020-01-08 18:00:00
41.822080324639785,-87.87286517635793,Assault,True,True,2020-01-08 19:00:00
41.8118602313424,-87.77961457322128,Burglary,False,False,2020-01-08 20:00:00
41.696740916360184,-87.61673116454189,Robbery,True,False,2020-01-08 21:00:00
41.637241107122364,-87.8730597594125,Robbery,False,True,2020-01-08 22:00:00
41.95888630318133,-87.6671318159295,Assault,True,False,2020-01-08 23:00:00
41.96016722286533,-87.76164677721881,Vandalism,False,False,2020-01-09 00:00:00
41.85324058290931,-87.65163379289301,Robbery,False,True,2020-01-09 01:00:00
41.73561191641948,-87.881703186475,Assault,False,True,2020-01-09 02:00:00
41.73968382984506,-87.55138527753905,Theft,True,True,2020-01-09 03:00:00
41.8903822715481,-87.51060441232904,Vandalism,True,False,2020-01-09 04:00:00
41.95884410398103,-87.51244885788573,Burglary,False,False,2020-01-09 05:00:00
41.954834569706044,-87.60013926730284,Robbery,False,True,2020-01-09 06:00:00
41.91195021834305,-87.84796550394775,Assault,True,True,2020-01-09 07:00:00
41.85681265846171,-87.5966947216284,Theft,True,False,2020-01-09 08:00:00
41.63365598599802,-87.89016523341648,Burglary,True,True,2020-01-09 09:00:00
41.66465148563785,-87.89115057938841,Assault,True,True,2020-01-09 10:00:00
41.95942167541083,-87.77055591234019,Assault,True,True,2020-01-09 11:00:00
41.84257162386383,-87.70454272383813,Burglary,True,False,2020-01-09 12:00:00
41.60367882064666,-87.59183703287688,Theft,False,False,2020-01-09 13:00:00
41.64058861714641,-87.6266818493574,Theft,True,False,2020-01-09 14:00:00
41.865400707643225,-87.7216389174493,Vandalism,False,False,2020-01-09 15:00:00
41.60202463353849,-87.79054933348733,Robbery,True,False,2020-01-09 16:00:00
41.664323220567,-87.50115019993692,Burglary,True,False,2020-01-09 17:00:00
41.819493515746636,-87.72952747910561,Burglary,False,True,2020-01-09 18:00:00
41.87675807907708,-87.71944519026813,Burglary,False,False,2020-01-09 19:00:00
41.86078450380104,-87.83455047152334,Theft,True,False,2020-01-09 20:00:00
41.689707723784224,-87.58207618050002,Robbery,False,True,2020-01-09 21:00:00
41.884871688539015,-87.62252710968741,Vandalism,False,False,2020-01-09 22:00:00
41.69489963499872,-87.8116921548845,Assault,False,False,2020-01-09 23:00:00
41.73015987926371,-87.86704758175367,Assault,False,True,2020-01-10 00:00:00
41.89859656204721,-87.62780027917012,Burglary,True,True,2020-01-10 01:00:00
41.859853159618886,-87.63819551428755,Robbery,False,True,2020-01-10 02:00:00
41.93968936419767,-87.79069618920072,Theft,True,False,2020-01-10 03:00:00
41.86304515692014,-87.51965457509984,Robbery,True,True,2020-01-10 04:00:00
41.82732344133419,-87.83957684328765,Robbery,True,False,2020-01-10 05:00:00
41.63746990713124,-87.72706607958297,Theft,True,False,2020-01-10 06:00:00
41.747086321223776,-87.52255363193296,Burglary,False,False,2020-01-10 07:00:00
41.70608094707269,-87.73210907322955,Robbery,False,False,2020-01-10 08:00:00
41.69759585735164,-87.64458962093437,Assault,True,True,2020-01-10 09:00:00
41.98920422190098,-87.74096224081488,Theft,True,True,2020-01-10 10:00:00
41.75723908986671,-87.79031391906054,Vandalism,True,False,2020-01-10 11:00:00
41.95681862207085,-87.50640894081607,Burglary,True,True,2020-01-10 12:00:00
41.85245545039891,-87.73626639747398,Theft,False,False,2020-01-10 13:00:00
41.91792452141666,-87.54236031852835,Vandalism,True,False,2020-01-10 14:00:00
41.80105483724208,-87.80801815764357,Vandalism,False,False,2020-01-10 15:00:00
41.83076155385054,-87.81475811838997,Robbery,True,True,2020-01-10 16:00:00
41.797007077527546,-87.8875463668462,Robbery,True,False,2020-01-10 17:00:00
41.67809719511922,-87.63933326984964,Robbery,True,False,2020-01-10 18:00:00
41.8889808461046,-87.7525894625105,Theft,True,True,2020-01-10 19:00:00
41.71230894497634,-87.55425670006414,Theft,False,True,2020-01-10 20:00:00
41.60972638657258,-87.71071603732338,Burglary,False,True,2020-01-10 21:00:00
41.85818891836287,-87.51272262883411,Robbery,False,True,2020-01-10 22:00:00
41.67084427176282,-87.82578979371876,Vandalism,True,False,2020-01-10 23:00:00
41.97618343374116,-87.55255073281775,Assault,True,True,2020-01-11 00:00:00
41.98157143080103,-87.5893612588833,Burglary,False,False,2020-01-11 01:00:00
41.96594575608818,-87.59163126214239,Theft,False,True,2020-01-11 02:00:00
41.74806348010218,-87.56208670875324,Burglary,True,True,2020-01-11 03:00:00
41.60618264661155,-87.59559040362281,Burglary,True,True,2020-01-11 04:00:00
41.97132742503509,-87.64951187134744,Burglary,False,True,2020-01-11 05:00:00
41.77127365932693,-87.84750204892705,Burglary,True,True,2020-01-11 06:00:00
41.98666192761747,-87.8869895282035,Assault,True,True,2020-01-11 07:00:00
41.9854479908357,-87.53166086087373,Robbery,False,False,2020-01-11 08:00:00
41.941203782186946,-87.6533398741917,Vandalism,True,True,2020-01-11 09:00:00
41.717779556827836,-87.58138508360953,Burglary,False,True,2020-01-11 10:00:00
41.754039091440774,-87.70739105939498,Burglary,True,True,2020-01-11 11:00:00
41.94045466860674,-87.85307672441505,Burglary,False,True,2020-01-11 12:00:00
41.72676880206251,-87.84992568311898,Robbery,True,False,2020-01-11 13:00:00
41.66779709867444,-87.62577388510842,Theft,False,True,2020-01-11 14:00:00
41.82272050498334,-87.72787764204021,Theft,False,True,2020-01-11 15:00:00
41.97446190966431,-87.81979010931987,Assault,False,True,2020-01-11 16:00:00
41.87841191866999,-87.70336218130343,Theft,False,True,2020-01-11 17:00:00
41.82802446803575,-87.87431642516995,Burglary,True,False,2020-01-11 18:00:00
41.63887059750831,-87.66721143923424,Burglary,True,True,2020-01-11 19:00:00
41.84600289067967,-87.79240263822597,Burglary,False,False,2020-01-11 20:00:00
41.9960215400417,-87.58097635974512,Assault,True,True,2020-01-11 21:00:00
41.65603360609461,-87.77585521643057,Burglary,True,False,2020-01-11 22:00:00
41.807331860945496,-87.71791194036729,Theft,True,False,2020-01-11 23:00:00
41.95094922877118,-87.89535178403676,Robbery,True,True,2020-01-12 00:00:00
41.896307447101684,-87.87102124488219,Robbery,True,True,2020-01-12 01:00:00
41.87880629639811,-87.74300257743732,Vandalism,False,False,2020-01-12 02:00:00
41.88099363359484,-87.70802446611316,Theft,False,False,2020-01-12 03:00:00
41.7437964604879,-87.65999178075228,Burglary,False,True,2020-01-12 04:00:00
41.717436737705796,-87.78333496851629,Robbery,False,False,2020-01-12 05:00:00
41.92374446219141,-87.62200724554938,Theft,True,False,2020-01-12 06:00:00
41.92404535787167,-87.55595104112432,Robbery,True,False,2020-01-12 07:00:00
41.946828927432044,-87.58805960444266,Burglary,False,True,2020-01-12 08:00:00
41.96529622102259,-87.88415246986067,Robbery,True,False,2020-01-12 09:00:00
41.80453695954438,-87.70779722109687,Vandalism,True,False,2020-01-12 10:00:00
41.80060651787488,-87.85802792863274,Vandalism,False,False,2020-01-12 11:00:00
41.91931807158671,-87.80318199365499,Robbery,True,True,2020-01-12 12:00:00
41.8599855723111,-87.50533496269314,Theft,False,True,2020-01-12 13:00:00
41.880786750903084,-87.8430017828394,Theft,False,False,2020-01-12 14:00:00
41.91831706777444,-87.70044473861947,Theft,True,True,2020-01-12 15:00:00
41.95600213672703,-87.65273770627276,Robbery,True,False,2020-01-12 16:00:00
41.735198062740615,-87.61901401178235,Theft,False,True,2020-01-12 17:00:00
41.750233181055975,-87.67614052660524,Burglary,False,True,2020-01-12 18:00:00
41.63759277593635,-87.89609166103233,Vandalism,True,False,2020-01-12 19:00:00
41.83131205639847,-87.7694154767024,Burglary,False,True,2020-01-12 20:00:00
41.6143769095187,-87.69291534264612,Theft,False,True,2020-01-12 21:00:00
41.78623920725298,-87.86485340034207,Burglary,False,True,2020-01-12 22:00:00
41.81705785388303,-87.75974922751634,Theft,True,False,2020-01-12 23:00:00
41.714616500851314,-87.88671875648346,Robbery,False,True,2020-01-13 00:00:00
41.83633330422761,-87.868568601138,Burglary,True,True,2020-01-13 01:00:00
41.612200099975624,-87.74123068951937,Robbery,False,False,2020-01-13 02:00:00
41.61493927549969,-87.84691369838278,Robbery,True,True,2020-01-13 03:00:00
41.929040224263865,-87.67298366069538,Assault,False,True,2020-01-13 04:00:00
41.744076256564504,-87.62421401234509,Theft,True,True,2020-01-13 05:00:00
41.65082420506076,-87.57976532035637,Vandalism,True,True,2020-01-13 06:00:00
41.808897304021926,-87.81993990230208,Theft,True,True,2020-01-13 07:00:00
41.90799742123944,-87.83300696709638,Vandalism,False,False,2020-01-13 08:00:00
41.68632841099874,-87.85817286386624,Theft,False,False,2020-01-13 09:00:00
41.8491561903276,-87.64542790018255,Robbery,False,True,2020-01-13 10:00:00
41.63413898599751,-87.61740970940524,Burglary,True,True,2020-01-13 11:00:00
41.620672688467444,-87.88736554206974,Burglary,False,True,2020-01-13 12:00:00
41.81254185262726,-87.52551510150252,Assault,True,False,2020-01-13 13:00:00
41.81625404864404,-87.87921148653942,Vandalism,False,False,2020-01-13 14:00:00
41.854971960599286,-87.68348146587958,Vandalism,True,True,2020-01-13 15:00:00
41.890436533489066,-87.61637579221963,Vandalism,True,True,2020-01-13 16:00:00
41.99034083178501,-87.55161235050157,Robbery,True,False,2020-01-13 17:00:00
41.806520139320476,-87.61436522714703,Vandalism,False,True,2020-01-13 18:00:00
41.729182589176496,-87.57930876677209,Burglary,False,False,2020-01-13 19:00:00
41.91807447790748,-87.76421992298287,Robbery,False,False,2020-01-13 20:00:00
41.70833290050483,-87.5740699545014,Theft,True,True,2020-01-13 21:00:00
41.77558856828225,-87.86795406144614,Vandalism,True,False,2020-01-13 22:00:00
41.631382552536905,-87.54207333757579,Vandalism,False,True,2020-01-13 23:00:00
41.610140297366186,-87.6809630495385,Theft,False,True,2020-01-14 00:00:00
41.98505936587117,-87.573080892015,Vandalism,False,True,2020-01-14 01:00:00
41.934392048204884,-87.71907268619269,Theft,True,True,2020-01-14 02:00:00
41.87838968243748,-87.6425689219214,Robbery,True,True,2020-01-14 03:00:00
41.76358117776571,-87.68943893562556,Burglary,True,True,2020-01-14 04:00:00
41.66931772802834,-87.60736419129788,Theft,True,False,2020-01-14 05:00:00
41.66257481706844,-87.86734800718777,Assault,True,False,2020-01-14 06:00:00
41.70009715926584,-87.87585916640379,Theft,False,False,2020-01-14 07:00:00
41.81969066588245,-87.80115870639595,Vandalism,True,False,2020-01-14 08:00:00
41.88583836908003,-87.83618212795473,Robbery,True,True,2020-01-14 09:00:00
41.864078950687095,-87.55128657336311,Robbery,True,False,2020-01-14 10:00:00
41.711973558778375,-87.81231440505678,Theft,True,False,2020-01-14 11:00:00
41.98194611226528,-87.50965389767235,Burglary,True,False,2020-01-14 12:00:00
41.89515876667831,-87.76524168329156,Assault,False,True,2020-01-14 13:00:00
41.82174162100456,-87.82715283372453,Robbery,True,False,2020-01-14 14:00:00
41.84468829849374,-87.58412059714301,Vandalism,True,True,2020-01-14 15:00:00
41.767840024971115,-87.63651688979965,Vandalism,True,False,2020-01-14 16:00:00
41.69909239580046,-87.70072171341874,Burglary,False,True,2020-01-14 17:00:00
41.74238907146051,-87.67785457962495,Robbery,False,True,2020-01-14 18:00:00
41.90313844418575,-87.6123192886911,Theft,False,False,2020-01-14 19:00:00
41.6057573954519,-87.80861810346748,Vandalism,True,True,2020-01-14 20:00:00
41.64642905620277,-87.5014664335773,Burglary,False,True,2020-01-14 21:00:00
41.6184010568087,-87.51008273514128,Robbery,True,False,2020-01-14 22:00:00
41.61629152092759,-87.63986972546122,Robbery,True,False,2020-01-14 23:00:00
41.9421842336044,-87.82018301962835,Robbery,False,False,2020-01-15 00:00:00
41.88146314375201,-87.62790870302749,Robbery,True,True,2020-01-15 01:00:00
41.78966953163493,-87.87112063640834,Robbery,True,True,2020-01-15 02:00:00
41.6391336642604,-87.88773899911769,Vandalism,True,True,2020-01-15 03:00:00
41.796646350046736,-87.79692684459552,Burglary,False,False,2020-01-15 04:00:00
41.789388708312224,-87.71495081730427,Robbery,True,True,2020-01-15 05:00:00
41.66928074796401,-87.55269099783665,Assault,True,True,2020-01-15 06:00:00
41.77354065969519,-87.60913237209348,Assault,False,True,2020-01-15 07:00:00
41.75940189375895,-87.60291739152001,Burglary,True,True,2020-01-15 08:00:00
41.846340039220884,-87.72980266622078,Theft,True,True,2020-01-15 09:00:00
41.85403746034706,-87.76162600298122,Theft,False,True,2020-01-15 10:00:00
41.61812160390882,-87.75158449480617,Theft,True,True,2020-01-15 11:00:00
41.74984504585059,-87.50494017450558,Assault,True,False,2020-01-15 12:00:00
41.85034396628569,-87.88395632343502,Theft,True,False,2020-01-15 13:00:00
41.801254503432034,-87.55318740155103,Vandalism,True,False,2020-01-15 14:00:00
41.94259593647533,-87.66852983657104,Robbery,True,True,2020-01-15 15:00:00
41.86347745264758,-87.72455383232416,Assault,False,True,2020-01-15 16:00:00
41.665173770832574,-87.60989693583394,Burglary,False,False,2020-01-15 17:00:00
41.62822749896017,-87.70533242343012,Burglary,False,True,2020-01-15 18:00:00
41.85696771128253,-87.55063070476734,Robbery,False,False,2020-01-15 19:00:00
41.61060452421665,-87.5397192543955,Assault,True,True,2020-01-15 20:00:00
41.83431023250939,-87.73131162925063,Theft,True,True,2020-01-15 21:00:00
41.976092096569985,-87.78926888110598,Theft,True,False,2020-01-15 22:00:00
41.83018967115035,-87.66305986856266,Vandalism,True,False,2020-01-15 23:00:00
41.755267970482606,-87.53505466175332,Vandalism,True,False,2020-01-16 00:00:00
41.85731528737694,-87.81573512439773,Theft,False,False,2020-01-16 01:00:00
41.78330115619661,-87.65081336657461,Burglary,False,False,2020-01-16 02:00:00
41.818246715726374,-87.647375911963,Burglary,True,True,2020-01-16 03:00:00
41.97658592351061,-87.6067547910339,Vandalism,True,True,2020-01-16 04:00:00
41.75444105512031,-87.8473729259491,Robbery,True,True,2020-01-16 05:00:00
41.98447622552957,-87.61367001412717,Theft,False,False,2020-01-16 06:00:00
41.962140256782426,-87.53638699173375,Vandalism,True,False,2020-01-16 07:00:00
41.67831645391572,-87.82812675645191,Vandalism,True,False,2020-01-16 08:00:00
41.62774452035007,-87.80498267003045,Theft,True,False,2020-01-16 09:00:00
41.640311200550975,-87.51144196238334,Theft,False,False,2020-01-16 10:00:00
41.60728873026062,-87.82760921891621,Burglary,True,False,2020-01-16 11:00:00
41.63777718430237,-87.55824596265217,Robbery,False,True,2020-01-16 12:00:00
41.873202709366545,-87.7030888574208,Robbery,False,True,2020-01-16 13:00:00
41.62847545938409,-87.80110757023873,Theft,False,True,2020-01-16 14:00:00
41.72759025211751,-87.551700039491,Assault,False,True,2020-01-16 15:00:00
41.93795012438778,-87.72187789799894,Vandalism,False,True,2020-01-16 16:00:00
41.609308774294334,-87.69407305842813,Vandalism,False,False,2020-01-16 17:00:00
41.92578739303558,-87.7563066522401,Theft,True,False,2020-01-16 18:00:00
41.71274190990936,-87.66281965942603,Assault,True,False,2020-01-16 19:00:00
41.647265931048665,-87.83459045096599,Burglary,True,False,2020-01-16 20:00:00
41.87869486614566,-87.7435673853393,Theft,False,False,2020-01-16 21:00:00
41.85157713871195,-87.51223507106589,Theft,True,False,2020-01-16 22:00:00
41.95098880541082,-87.79674662691956,Vandalism,False,True,2020-01-16 23:00:00
41.894028417521554,-87.63730533418348,Theft,False,False,2020-01-17 00:00:00
41.92139237215394,-87.76992397431013,Theft,False,False,2020-01-17 01:00:00
41.712813829028526,-87.59061074972536,Theft,True,False,2020-01-17 02:00:00
41.67097581751189,-87.84765053571266,Vandalism,False,False,2020-01-17 03:00:00
41.900245900656344,-87.51207158196858,Burglary,False,True,2020-01-17 04:00:00
41.922733895706905,-87.71848418344655,Burglary,True,True,2020-01-17 05:00:00
41.99620205680027,-87.80557981466141,Theft,True,False,2020-01-17 06:00:00
41.765047070764574,-87.870601301068,Vandalism,False,True,2020-01-17 07:00:00
41.74880723431711,-87.83209683796498,Burglary,False,True,2020-01-17 08:00:00
41.9105651842968,-87.6920904205776,Burglary,True,False,2020-01-17 09:00:00
41.736321416101205,-87.7651987294275,Burglary,True,False,2020-01-17 10:00:00
41.972302930241426,-87.56844665364696,Vandalism,True,False,2020-01-17 11:00:00
41.9433651007372,-87.72764499053528,Vandalism,False,False,2020-01-17 12:00:00
41.77159761095001,-87.80051429096495,Theft,True,False,2020-01-17 13:00:00
41.9003484271166,-87.65314200535839,Robbery,True,True,2020-01-17 14:00:00
41.90181714963387,-87.61728911324582,Burglary,True,False,2020-01-17 15:00:00
41.64124954753437,-87.83318323683963,Robbery,False,False,2020-01-17 16:00:00
41.96102116267183,-87.83295231348468,Vandalism,True,False,2020-01-17 17:00:00
41.802100948979145,-87.88533142922658,Vandalism,True,True,2020-01-17 18:00:00
41.9305829864431,-87.60543919397375,Vandalism,True,False,2020-01-17 19:00:00
41.728019840412244,-87.63447818895128,Robbery,True,False,2020-01-17 20:00:00
41.95820929139848,-87.71014764970008,Vandalism,True,False,2020-01-17 21:00:00
41.755680671493664,-87.56233182041233,Theft,False,True,2020-01-17 22:00:00
41.60433506059212,-87.57773193881998,Vandalism,False,False,2020-01-17 23:00:00
41.96215279056771,-87.6658582542413,Assault,False,False,2020-01-18 00:00:00
41.636514670714455,-87.5526914877947,Robbery,True,False,2020-01-18 01:00:00
41.727725455036165,-87.8176635159853,Assault,False,True,2020-01-18 02:00:00
41.98002478682032,-87.85523215224092,Vandalism,False,False,2020-01-18 03:00:00
41.98024285877502,-87.79210015539321,Theft,False,False,2020-01-18 04:00:00
41.829375155249316,-87.87716525756429,Burglary,True,False,2020-01-18 05:00:00
41.85273488486792,-87.6875321887996,Vandalism,True,True,2020-01-18 06:00:00
41.77937820879133,-87.52535772308201,Theft,False,False,2020-01-18 07:00:00
41.717284308679226,-87.8842625837326,Robbery,False,False,2020-01-18 08:00:00
41.73146581814797,-87.851156034396,Assault,True,False,2020-01-18 09:00:00
41.869007382430816,-87.71912038868663,Assault,True,True,2020-01-18 10:00:00
41.90094981177507,-87.52644999298884,Assault,False,True,2020-01-18 11:00:00
41.91663161749034,-87.77353755800931,Robbery,True,False,2020-01-18 12:00:00
41.915847257117825,-87.69710607652465,Theft,False,True,2020-01-18 13:00:00
41.63648244121948,-87.88337085637986,Robbery,True,True,2020-01-18 14:00:00
41.797768121881035,-87.84066271961517,Assault,False,True,2020-01-18 15:00:00
41.62302350400666,-87.50534795081646,Vandalism,False,False,2020-01-18 16:00:00
41.819811552929494,-87.51395252142558,Burglary,True,False,2020-01-18 17:00:00
41.77661220054935,-87.89802400762625,Robbery,False,True,2020-01-18 18:00:00
41.95508167310332,-87.5192752858307,Robbery,False,True,2020-01-18 19:00:00
41.74036600502083,-87.6443520248738,Theft,False,True,2020-01-18 20:00:00
41.64682680657104,-87.55283268219199,Theft,True,False,2020-01-18 21:00:00
41.65719667282114,-87.71810405774646,Robbery,True,False,2020-01-18 22:00:00
41.90460425268699,-87.69376158856831,Assault,True,True,2020-01-18 23:00:00
41.847287225326504,-87.70446136789724,Burglary,False,True,2020-01-19 00:00:00
41.640449070449115,-87.63325429698156,Theft,True,True,2020-01-19 01:00:00
41.633642722446,-87.84413949809748,Assault,False,True,2020-01-19 02:00:00
41.88038765258365,-87.88801056405093,Vandalism,False,False,2020-01-19 03:00:00
41.62910520254568,-87.77682802336352,Theft,True,True,2020-01-19 04:00:00
41.92874402371614,-87.61812769490534,Assault,True,False,2020-01-19 05:00:00
41.8824968908626,-87.81925861915083,Assault,False,True,2020-01-19 06:00:00
41.63253951225676,-87.63062702667004,Burglary,False,True,2020-01-19 07:00:00
41.63393508563408,-87.5120351815571,Burglary,True,True,2020-01-19 08:00:00
41.99465583140047,-87.86243971368424,Vandalism,True,True,2020-01-19 09:00:00
41.749708318302446,-87.63095915270995,Assault,True,True,2020-01-19 10:00:00
41.74825685882676,-87.72249991227818,Assault,False,False,2020-01-19 11:00:00
41.925119826903,-87.552743098249,Burglary,False,True,2020-01-19 12:00:00
41.97889943095355,-87.82914008422105,Theft,False,True,2020-01-19 13:00:00
41.99440042552915,-87.62294961910953,Theft,False,True,2020-01-19 14:00:00
41.901351274103575,-87.56475388414076,Robbery,False,False,2020-01-19 15:00:00
41.75050383421237,-87.52215431221039,Burglary,True,False,2020-01-19 16:00:00
41.63340028667947,-87.62670078868415,Robbery,True,False,2020-01-19 17:00:00
41.91085876637098,-87.70113009439663,Burglary,False,False,2020-01-19 18:00:00
41.82336169989432,-87.65286110391952,Vandalism,False,True,2020-01-19 19:00:00
41.76968880369879,-87.55243800620852,Assault,True,True,2020-01-19 20:00:00
41.96254175403789,-87.67175610134447,Vandalism,True,True,2020-01-19 21:00:00
41.64447899292246,-87.88784517612127,Burglary,True,False,2020-01-19 22:00:00
41.797050041716346,-87.5276205217972,Assault,True,True,2020-01-19 23:00:00
41.60454145790697,-87.62418929958737,Theft,False,True,2020-01-20 00:00:00
41.78746425679765,-87.6293946456891,Theft,True,False,2020-01-20 01:00:00
41.62252131027274,-87.81372993904091,Robbery,False,False,2020-01-20 02:00:00
41.64752716650723,-87.63644581190694,Burglary,True,False,2020-01-20 03:00:00
41.64701049871084,-87.74245423773834,Burglary,True,True,2020-01-20 04:00:00
41.859684120846424,-87.6395068091834,Theft,True,True,2020-01-20 05:00:00
41.89841795170617,-87.85736278787681,Vandalism,False,False,2020-01-20 06:00:00
41.83334750603886,-87.63686187815878,Assault,False,True,2020-01-20 07:00:00
41.98486901938982,-87.50023450969174,Vandalism,True,False,2020-01-20 08:00:00
41.74994823180948,-87.88071518445578,Vandalism,False,False,2020-01-20 09:00:00
41.714284834512746,-87.50913032631148,Theft,False,True,2020-01-20 10:00:00
41.947439651275786,-87.73723681571086,Theft,True,False,2020-01-20 11:00:00
41.68943833540778,-87.55169861986509,Theft,True,False,2020-01-20 12:00:00
41.985289015776246,-87.5870458063767,Robbery,False,False,2020-01-20 13:00:00
41.604861789875926,-87.67319349560533,Vandalism,False,True,2020-01-20 14:00:00
41.987951530683056,-87.60462031629947,Burglary,False,False,2020-01-20 15:00:00
41.61726396478023,-87.54859377547946,Assault,True,False,2020-01-20 16:00:00
41.95645724547923,-87.7383438713396,Robbery,True,False,2020-01-20 17:00:00
41.81108044363452,-87.7691867353747,Burglary,False,False,2020-01-20 18:00:00
41.99718591844772,-87.63296264577457,Vandalism,True,False,2020-01-20 19:00:00
41.629518625894164,-87.5768616232235,Theft,True,False,2020-01-20 20:00:00
41.82154171376053,-87.59508594608936,Vandalism,False,False,2020-01-20 21:00:00
41.98772101424764,-87.58087454045655,Assault,False,True,2020-01-20 22:00:00
41.80923913766806,-87.72576667407483,Robbery,True,True,2020-01-20 23:00:00
41.851759455254104,-87.57286631352999,Robbery,True,False,2020-01-21 00:00:00
41.87829947559385,-87.85191637785177,Assault,False,True,2020-01-21 01:00:00
41.78181642590711,-87.68220436081566,Burglary,True,True,2020-01-21 02:00:00
41.851023232033626,-87.89769653580076,Burglary,True,False,2020-01-21 03:00:00
41.83372572476924,-87.7701656680399,Robbery,False,True,2020-01-21 04:00:00
41.960463204196394,-87.75341538605144,Robbery,False,False,2020-01-21 05:00:00
41.618178552136584,-87.74153092335631,Theft,True,False,2020-01-21 06:00:00
41.712385275836894,-87.62181311732405,Burglary,True,False,2020-01-21 07:00:00
41.980164593630626,-87.74457675949186,Assault,True,False,2020-01-21 08:00:00
41.956105513556366,-87.72052255095099,Burglary,False,False,2020-01-21 09:00:00
41.782262701114284,-87.80498234765027,Theft,True,True,2020-01-21 10:00:00
41.848053039120614,-87.75069928334827,Robbery,True,False,2020-01-21 11:00:00
41.71095247319246,-87.80909214909474,Robbery,False,True,2020-01-21 12:00:00
41.6752484638895,-87.87072163049262,Theft,False,False,2020-01-21 13:00:00
41.785479361975995,-87.65862056264746,Assault,True,False,2020-01-21 14:00:00
41.74134089121042,-87.63271488057799,Robbery,False,False,2020-01-21 15:00:00
41.83346244474035,-87.65220386159616,Vandalism,False,True,2020-01-21 16:00:00
41.631093854785995,-87.71460238247977,Robbery,True,False,2020-01-21 17:00:00
41.98975792306646,-87.74808568792831,Vandalism,False,False,2020-01-21 18:00:00
41.99448429779184,-87.55466654017127,Theft,False,False,2020-01-21 19:00:00
41.8792646856079,-87.69236728594552,Theft,True,False,2020-01-21 20:00:00
41.81443854653765,-87.70832724894811,Robbery,False,True,2020-01-21 21:00:00
41.723811046514534,-87.88974317367743,Burglary,True,False,2020-01-21 22:00:00
41.92551800788278,-87.76350086894954,Vandalism,True,True,2020-01-21 23:00:00
41.873892469021555,-87.74792175248567,Assault,False,False,2020-01-22 00:00:00
41.665046775737956,-87.74047088764124,Robbery,False,True,2020-01-22 01:00:00
41.964370873797535,-87.66793105230907,Assault,False,True,2020-01-22 02:00:00
41.92901489716927,-87.68655898130925,Robbery,True,False,2020-01-22 03:00:00
41.97991996531677,-87.65683796288262,Burglary,False,False,2020-01-22 04:00:00
41.89028780335534,-87.59404669538316,Burglary,True,True,2020-01-22 05:00:00
41.84536607837432,-87.57480570451357,Burglary,False,False,2020-01-22 06:00:00
41.76729721451625,-87.6127507695094,Burglary,False,False,2020-01-22 07:00:00
41.973091393341605,-87.51779052161802,Theft,False,False,2020-01-22 08:00:00
41.94642555580016,-87.89270696692947,Theft,True,True,2020-01-22 09:00:00
41.618087468042475,-87.82168880572658,Vandalism,False,False,2020-01-22 10:00:00
41.6105467897989,-87.89697485000875,Assault,False,False,2020-01-22 11:00:00
41.75058534675122,-87.64101011433816,Robbery,True,False,2020-01-22 12:00:00
41.92422133231273,-87.54078778042,Robbery,True,True,2020-01-22 13:00:00
41.99491045172598,-87.80260708136949,Theft,False,False,2020-01-22 14:00:00
41.66016675644141,-87.52918618208147,Robbery,False,True,2020-01-22 15:00:00
41.83765228614085,-87.87589304388418,Theft,False,False,2020-01-22 16:00:00
41.75235634265241,-87.5262255892778,Vandalism,True,True,2020-01-22 17:00:00
41.98796575912584,-87.75935092510414,Assault,True,False,2020-01-22 18:00:00
41.93684756925428,-87.85943166862032,Vandalism,True,False,2020-01-22 19:00:00
41.935331481884454,-87.70565129632547,Burglary,True,True,2020-01-22 20:00:00
41.78747726391799,-87.7972893729118,Burglary,False,True,2020-01-22 21:00:00
41.76592780093507,-87.78605083921524,Burglary,True,True,2020-01-22 22:00:00
41.709362828772285,-87.77708401402948,Vandalism,True,False,2020-01-22 23:00:00
41.62255019866037,-87.57878964086693,Robbery,True,False,2020-01-23 00:00:00
41.945888950502024,-87.6843354893299,Assault,False,False,2020-01-23 01:00:00
41.92516040365203,-87.7754769203376,Burglary,False,False,2020-01-23 02:00:00
41.999887069314454,-87.65586648667563,Burglary,True,True,2020-01-23 03:00:00
41.998654734829564,-87.61353973031072,Burglary,True,False,2020-01-23 04:00:00
41.82217268224105,-87.79095039970659,Assault,False,False,2020-01-23 05:00:00
41.9075949660722,-87.73458035938987,Burglary,False,False,2020-01-23 06:00:00
41.97790629195297,-87.85124556266523,Assault,False,False,2020-01-23 07:00:00
41.93985895627097,-87.82754026018613,Burglary,False,False,2020-01-23 08:00:00
41.69893924069728,-87.627552858414,Vandalism,False,False,2020-01-23 09:00:00
41.78021765412404,-87.82742466092175,Vandalism,False,False,2020-01-23 10:00:00
41.6516637660606,-87.68993464653317,Assault,False,True,2020-01-23 11:00:00
41.98162041090349,-87.61638149531103,Vandalism,False,False,2020-01-23 12:00:00
41.84246985378035,-87.85724923076211,Assault,True,False,2020-01-23 13:00:00
41.691457122201385,-87.67307511214844,Vandalism,True,False,2020-01-23 14:00:00
41.868680273762344,-87.79737488651946,Vandalism,True,False,2020-01-23 15:00:00
41.84725129618316,-87.51482924990496,Assault,True,True,2020-01-23 16:00:00
41.74326508721314,-87.70658174131204,Robbery,True,True,2020-01-23 17:00:00
41.645423036879855,-87.57760298008994,Vandalism,True,True,2020-01-23 18:00:00
41.86862927823712,-87.6799093831375,Burglary,False,True,2020-01-23 19:00:00
41.80812308036152,-87.88263498685808,Robbery,False,True,2020-01-23 20:00:00
41.90892735669426,-87.64673944976239,Assault,True,True,2020-01-23 21:00:00
41.8080654004448,-87.51943866311734,Robbery,True,False,2020-01-23 22:00:00
41.94087260012741,-87.65935527194146,Theft,False,True,2020-01-23 23:00:00
41.820762735509796,-87.57232445622928,Theft,False,True,2020-01-24 00:00:00
41.824375188614155,-87.54631741466063,Vandalism,False,False,2020-01-24 01:00:00
41.95066144106334,-87.80876809122043,Vandalism,True,True,2020-01-24 02:00:00
41.76139314648496,-87.81518206403672,Burglary,False,False,2020-01-24 03:00:00
41.653606091380254,-87.6556076044596,Robbery,True,False,2020-01-24 04:00:00
41.61151307052533,-87.73558861207732,Theft,True,True,2020-01-24 05:00:00
41.90205490226945,-87.56405547885332,Vandalism,False,False,2020-01-24 06:00:00
41.84812382054139,-87.5399907506408,Robbery,False,True,2020-01-24 07:00:00
41.88163190723969,-87.75863144827892,Vandalism,True,True,2020-01-24 08:00:00
41.685185664603566,-87.80525177641022,Vandalism,False,False,2020-01-24 09:00:00
41.65454859023471,-87.58778979390246,Theft,False,False,2020-01-24 10:00:00
41.60581786626715,-87.79007758578075,Theft,True,True,2020-01-24 11:00:00
41.74023502352264,-87.57095427259453,Vandalism,False,False,2020-01-24 12:00:00
41.83596707474185,-87.7305046985405,Assault,True,False,2020-01-24 13:00:00
41.75689761803989,-87.63298004028341,Vandalism,True,True,2020-01-24 14:00:00
41.77498996880949,-87.86178587446614,Vandalism,False,True,2020-01-24 15:00:00
41.9616634777975,-87.65045627012937,Burglary,True,False,2020-01-24 16:00:00
41.73930218680932,-87.71929292850511,Burglary,True,True,2020-01-24 17:00:00
41.805595795663926,-87.66535661472982,Burglary,False,True,2020-01-24 18:00:00
41.91346120509646,-87.83279431690205,Assault,False,True,2020-01-24 19:00:00
41.75861711292851,-87.60525050202233,Assault,False,True,2020-01-24 20:00:00
41.84883468009115,-87.5548811689827,Vandalism,True,True,2020-01-24 21:00:00
41.9449454834987,-87.8133040799637,Burglary,True,True,2020-01-24 22:00:00
41.979808249463055,-87.86171417779194,Assault,False,True,2020-01-24 23:00:00
41.658829392371615,-87.89054456558146,Theft,True,False,2020-01-25 00:00:00
41.9706350500646,-87.64321139982269,Vandalism,False,True,2020-01-25 01:00:00
41.79684651723181,-87.65716238556449,Robbery,False,False,2020-01-25 02:00:00
41.70329775531958,-87.68132103491438,Vandalism,True,False,2020-01-25 03:00:00
41.78365430249531,-87.80722116155361,Robbery,False,False,2020-01-25 04:00:00
41.992013030114194,-87.7436376016378,Burglary,True,True,2020-01-25 05:00:00
41.79704723759715,-87.66220946592553,Robbery,True,True,2020-01-25 06:00:00
41.731500644115,-87.70129325645634,Burglary,False,False,2020-01-25 07:00:00
41.85336034172669,-87.50488579191405,Theft,True,True,2020-01-25 08:00:00
41.69605824751128,-87.84542409897732,Robbery,False,False,2020-01-25 09:00:00
41.63034533124347,-87.62194217838096,Vandalism,True,True,2020-01-25 10:00:00
41.65155188876426,-87.73827249275828,Burglary,True,True,2020-01-25 11:00:00
41.65121833558311,-87.72872015402976,Vandalism,True,False,2020-01-25 12:00:00
41.66076107740492,-87.61296089373673,Assault,False,False,2020-01-25 13:00:00
41.65553086905977,-87.62302553947025,Burglary,True,False,2020-01-25 14:00:00
41.856349897921284,-87.50349760251912,Robbery,False,True,2020-01-25 15:00:00
41.67275203375966,-87.84864228421836,Burglary,True,False,2020-01-25 16:00:00
41.73826691332955,-87.85835614024634,Vandalism,True,True,2020-01-25 17:00:00
41.958715363962405,-87.6102644731485,Theft,False,True,2020-01-25 18:00:00
41.78958465610515,-87.66864523319744,Burglary,False,True,2020-01-25 19:00:00
41.86702309540841,-87.79033573337608,Robbery,False,False,2020-01-25 20:00:00
41.66892794848065,-87.86823225240441,Assault,False,False,2020-01-25 21:00:00
41.67691560752347,-87.86573670016143,Theft,False,False,2020-01-25 22:00:00
41.616347446506595,-87.54232365013435,Assault,True,True,2020-01-25 23:00:00
41.667574025228866,-87.82325307011251,Burglary,True,True,2020-01-26 00:00:00
41.711436135612786,-87.77065137515379,Vandalism,False,False,2020-01-26 01:00:00
41.6708041937107,-87.80933743910921,Vandalism,True,True,2020-01-26 02:00:00
41.635481013502826,-87.75800147766724,Robbery,True,True,2020-01-26 03:00:00
41.64825434844024,-87.87223046290157,Vandalism,True,False,2020-01-26 04:00:00
41.78431150721309,-87.69237608363669,Theft,False,False,2020-01-26 05:00:00
41.68253348736232,-87.87295497456311,Vandalism,True,False,2020-01-26 06:00:00
41.74570794441923,-87.57985739687106,Robbery,True,True,2020-01-26 07:00:00
41.80136690834194,-87.80651516723583,Burglary,True,True,2020-01-26 08:00:00
41.87615793145174,-87.6839952341582,Burglary,False,True,2020-01-26 09:00:00
41.61572485593644,-87.54796836497542,Vandalism,True,True,2020-01-26 10:00:00
41.91976415956362,-87.63964905238113,Assault,True,True,2020-01-26 11:00:00
41.851160155796364,-87.68681688537947,Burglary,False,False,2020-01-26 12:00:00
41.63270361277955,-87.77026649875386,Vandalism,False,True,2020-01-26 13:00:00
41.94943144964271,-87.76679923477673,Robbery,True,True,2020-01-26 14:00:00
41.96834896021272,-87.63220521792073,Vandalism,True,True,2020-01-26 15:00:00
41.624431183941944,-87.50234425551153,Burglary,False,False,2020-01-26 16:00:00
41.71075105925888,-87.63526432406024,Robbery,False,False,2020-01-26 17:00:00
41.92248051191722,-87.67688663305199,Vandalism,False,False,2020-01-26 18:00:00
41.89930387615346,-87.60773979590431,Theft,False,True,2020-01-26 19:00:00
41.673808407742555,-87.71391775508651,Robbery,False,False,2020-01-26 20:00:00
41.68373972933468,-87.87594306295969,Theft,False,False,2020-01-26 21:00:00
41.74818884111655,-87.67508127364884,Assault,False,False,2020-01-26 22:00:00
41.79380919407641,-87.51694988619785,Robbery,True,True,2020-01-26 23:00:00
41.84730190861212,-87.82987882305694,Theft,False,False,2020-01-27 00:00:00
41.74756545582791,-87.62399804367173,Burglary,False,True,2020-01-27 01:00:00
41.78501388645326,-87.81962652453639,Burglary,True,True,2020-01-27 02:00:00
41.8989883752535,-87.68566892621077,Assault,False,False,2020-01-27 03:00:00
41.61467328115624,-87.86132942014132,Robbery,False,True,2020-01-27 04:00:00
41.700974777737606,-87.71985162549673,Robbery,True,False,2020-01-27 05:00:00
41.88533983435382,-87.59753466844191,Robbery,False,True,2020-01-27 06:00:00
41.95808273507488,-87.7609713903044,Assault,True,False,2020-01-27 07:00:00
41.80467097684627,-87.63403531020512,Robbery,True,False,2020-01-27 08:00:00
41.81284539410613,-87.58182001568412,Burglary,True,False,2020-01-27 09:00:00
41.642868804535915,-87.52912887220822,Theft,True,True,2020-01-27 10:00:00
41.77896494672938,-87.80614316725783,Burglary,False,False,2020-01-27 11:00:00
41.81304690658201,-87.74027363367628,Burglary,True,True,2020-01-27 12:00:00
41.69698820145389,-87.83903359466784,Theft,True,False,2020-01-27 13:00:00
41.707697292379756,-87.50300659913665,Burglary,False,True,2020-01-27 14:00:00
41.75091366524185,-87.52919961283028,Assault,True,True,2020-01-27 15:00:00
41.60802847911109,-87.68401714788777,Theft,True,False,2020-01-27 16:00:00
41.72883166623327,-87.56318668224944,Burglary,True,False,2020-01-27 17:00:00
41.684579202798616,-87.69161680909119,Vandalism,True,False,2020-01-27 18:00:00
41.73099894087117,-87.6505657247989,Burglary,False,False,2020-01-27 19:00:00
41.6479048527277,-87.8643502271536,Assault,True,False,2020-01-27 20:00:00
41.95621091229596,-87.59789183180128,Robbery,False,True,2020-01-27 21:00:00
41.83743698142162,-87.84891460654592,Burglary,False,False,2020-01-27 22:00:00
41.87164092765779,-87.56957294789899,Robbery,True,False,2020-01-27 23:00:00
41.91566849544294,-87.58718876493185,Vandalism,True,True,2020-01-28 00:00:00
41.799376879571625,-87.61650212090281,Burglary,True,False,2020-01-28 01:00:00
41.63476811523497,-87.8855358477901,Theft,True,False,2020-01-28 02:00:00
41.81484261672742,-87.77874865762188,Robbery,False,True,2020-01-28 03:00:00
41.83473644720835,-87.79475497203566,Vandalism,False,False,2020-01-28 04:00:00
41.89817578967373,-87.75594543701139,Theft,False,False,2020-01-28 05:00:00
41.77266381849187,-87.86494290129447,Theft,True,False,2020-01-28 06:00:00
41.65103212111823,-87.52521687078757,Theft,False,True,2020-01-28 07:00:00
41.71351036231949,-87.67847910371505,Theft,True,False,2020-01-28 08:00:00
41.74523291855945,-87.77779027573679,Burglary,True,True,2020-01-28 09:00:00
41.858366896532644,-87.74120739317028,Burglary,True,False,2020-01-28 10:00:00
41.82831132186757,-87.72111898379806,Burglary,True,True,2020-01-28 11:00:00
41.74243869035914,-87.65976226665576,Vandalism,True,False,2020-01-28 12:00:00
41.99460609951719,-87.6937282289214,Vandalism,False,True,2020-01-28 13:00:00
41.842309927742754,-87.53224321071423,Vandalism,False,True,2020-01-28 14:00:00
41.694890716694395,-87.70121460683767,Assault,True,True,2020-01-28 15:00:00
41.64071298904816,-87.50313679407067,Vandalism,False,True,2020-01-28 16:00:00
41.66114365567373,-87.55943001690196,Burglary,True,True,2020-01-28 17:00:00
41.698383091353804,-87.81659579425707,Burglary,True,True,2020-01-28 18:00:00
41.664272549303824,-87.52776191414243,Assault,True,False,2020-01-28 19:00:00
41.67462680962052,-87.85345344084581,Assault,False,False,2020-01-28 20:00:00
41.71403806747754,-87.57302011660353,Vandalism,True,True,2020-01-28 21:00:00
41.669349438117905,-87.74775068260936,Robbery,True,True,2020-01-28 22:00:00
41.95870616985057,-87.54881027182198,Assault,False,True,2020-01-28 23:00:00
41.63209349826466,-87.55277732395702,Theft,False,True,2020-01-29 00:00:00
41.8098045558281,-87.57762983995295,Burglary,False,False,2020-01-29 01:00:00
41.76415873079586,-87.58398782547718,Theft,True,True,2020-01-29 02:00:00
41.99295144676344,-87.7781283443608,Burglary,True,False,2020-01-29 03:00:00
41.64481556086722,-87.86763228677951,Burglary,False,False,2020-01-29 04:00:00
41.7591422396183,-87.73880792849394,Assault,True,True,2020-01-29 05:00:00
41.98778817331015,-87.8305901940054,Assault,False,True,2020-01-29 06:00:00
41.946202850357594,-87.62201956443901,Theft,False,False,2020-01-29 07:00:00
41.92682882837971,-87.76156010938489,Burglary,True,False,2020-01-29 08:00:00
41.703161130817975,-87.50975591965603,Theft,True,True,2020-01-29 09:00:00
41.66835503495603,-87.64361116906187,Robbery,False,True,2020-01-29 10:00:00
41.86745728796977,-87.57100777454626,Theft,False,True,2020-01-29 11:00:00
41.971750395651036,-87.84699013090327,Vandalism,False,False,2020-01-29 12:00:00
41.822705157205576,-87.55519420709095,Theft,False,False,2020-01-29 13:00:00
41.82864507578796,-87.53089712379465,Vandalism,True,True,2020-01-29 14:00:00
41.711991637464116,-87.70517523247243,Vandalism,False,False,2020-01-29 15:00:00
41.90779717327678,-87.6574988248996,Vandalism,False,False,2020-01-29 16:00:00
41.674817499423014,-87.5940760796388,Robbery,False,True,2020-01-29 17:00:00
41.729471694561695,-87.83006454909584,Theft,True,True,2020-01-29 18:00:00
41.77017457544657,-87.69897356941462,Theft,True,False,2020-01-29 19:00:00
41.803044151473784,-87.74053478889108,Robbery,False,False,2020-01-29 20:00:00
41.69696389296603,-87.8414504031351,Burglary,True,True,2020-01-29 21:00:00
41.645934729895686,-87.7529862310834,Assault,True,True,2020-01-29 22:00:00
41.84424801697666,-87.87273107624581,Theft,True,True,2020-01-29 23:00:00
41.715452221296104,-87.88967523722022,Assault,False,True,2020-01-30 00:00:00
41.83249528856904,-87.84593348433808,Robbery,False,True,2020-01-30 01:00:00
41.66174508610968,-87.51475395536433,Burglary,True,False,2020-01-30 02:00:00
41.792456040741925,-87.680188185642,Burglary,False,False,2020-01-30 03:00:00
41.81303577302064,-87.51367113553871,Burglary,False,False,2020-01-30 04:00:00
41.62072941472897,-87.72700084866796,Robbery,True,False,2020-01-30 05:00:00
41.73464171127757,-87.7752735467659,Vandalism,True,True,2020-01-30 06:00:00
41.653765870775594,-87.6975432548639,Vandalism,False,True,2020-01-30 07:00:00
41.62534998818911,-87.72419532454684,Assault,True,True,2020-01-30 08:00:00
41.99598409295598,-87.85773412629531,Vandalism,False,False,2020-01-30 09:00:00
41.72894153798989,-87.64366947412393,Vandalism,False,False,2020-01-30 10:00:00
41.92394977834186,-87.81358472699617,Burglary,True,False,2020-01-30 11:00:00
41.701856261905505,-87.65216481804087,Burglary,False,True,2020-01-30 12:00:00
41.872601088889574,-87.63991956304073,Assault,False,False,2020-01-30 13:00:00
41.904091143955874,-87.83919005874854,Theft,True,True,2020-01-30 14:00:00
41.838255496243136,-87.87546014915574,Assault,True,True,2020-01-30 15:00:00
41.788630475420064,-87.58769536557263,Assault,True,True,2020-01-30 16:00:00
41.764736365658905,-87.71607983049228,Robbery,False,True,2020-01-30 17:00:00
41.7395473066172,-87.87673448179781,Robbery,True,True,2020-01-30 18:00:00
41.97181165769913,-87.5020534731321,Assault,True,True,2020-01-30 19:00:00
41.93224776311509,-87.87688777560146,Assault,True,False,2020-01-30 20:00:00
41.9860107642666,-87.62198590845658,Assault,True,True,2020-01-30 21:00:00
41.64971888939422,-87.50652842989463,Vandalism,False,True,2020-01-30 22:00:00
41.89234699008146,-87.80432795831364,Robbery,False,False,2020-01-30 23:00:00
41.97533618272841,-87.84310025252513,Assault,True,True,2020-01-31 00:00:00
41.672493226466266,-87.85144602423104,Burglary,False,False,2020-01-31 01:00:00
41.62659850694671,-87.77868994097297,Burglary,True,False,2020-01-31 02:00:00
41.896448259716024,-87.85958167559575,Vandalism,True,False,2020-01-31 03:00:00
41.82978924527197,-87.62313546332236,Vandalism,False,True,2020-01-31 04:00:00
41.93673151070331,-87.87508328074799,Theft,False,True,2020-01-31 05:00:00
41.65590895065052,-87.69623114874008,Theft,True,False,2020-01-31 06:00:00
41.91810692474396,-87.50132125845882,Theft,True,True,2020-01-31 07:00:00
41.6806509280191,-87.57441189219759,Vandalism,False,True,2020-01-31 08:00:00
41.665462377146284,-87.6539122247076,Vandalism,True,False,2020-01-31 09:00:00
41.6657063191724,-87.77749855168535,Vandalism,False,False,2020-01-31 10:00:00
41.92582988809255,-87.65044166548334,Burglary,True,True,2020-01-31 11:00:00
41.86607888827848,-87.68918341443535,Vandalism,True,False,2020-01-31 12:00:00
41.809226169907646,-87.72956664644386,Burglary,False,False,2020-01-31 13:00:00
41.7435321936494,-87.84771584930392,Theft,False,False,2020-01-31 14:00:00
41.950880216325245,-87.54535831390382,Theft,False,True,2020-01-31 15:00:00
41.75697804296905,-87.72008614047148,Theft,False,True,2020-01-31 16:00:00
41.92663977578863,-87.8221509952717,Assault,False,True,2020-01-31 17:00:00
41.77565396342809,-87.75289625964909,Assault,False,False,2020-01-31 18:00:00
41.75077777176996,-87.73434809898843,Robbery,False,True,2020-01-31 19:00:00
41.785071914267846,-87.56898484177326,Robbery,True,False,2020-01-31 20:00:00
41.72055114966566,-87.60655424777543,Robbery,True,True,2020-01-31 21:00:00
41.8990437520705,-87.59227804254347,Assault,True,True,2020-01-31 22:00:00
41.80108815603699,-87.89558749422855,Assault,False,False,2020-01-31 23:00:00
41.69288507805873,-87.7335384007281,Robbery,False,True,2020-02-01 00:00:00
41.959829829309825,-87.70746233934587,Robbery,False,False,2020-02-01 01:00:00
41.753556488549286,-87.89232308927079,Vandalism,True,True,2020-02-01 02:00:00
41.817421144445596,-87.79607471650199,Robbery,False,True,2020-02-01 03:00:00
41.96258884438582,-87.59588407075115,Vandalism,False,False,2020-02-01 04:00:00
41.849695198365595,-87.8451561177084,Burglary,True,False,2020-02-01 05:00:00
41.64675921628335,-87.68587594741896,Assault,False,False,2020-02-01 06:00:00
41.97593284944539,-87.81391925119311,Robbery,True,True,2020-02-01 07:00:00
41.85108322122857,-87.89515169014244,Assault,True,True,2020-02-01 08:00:00
41.733962245862834,-87.80351941696019,Assault,False,True,2020-02-01 09:00:00
41.655708829065354,-87.50965049803598,Assault,False,False,2020-02-01 10:00:00
41.91761007570812,-87.57938515524681,Burglary,False,False,2020-02-01 11:00:00
41.848029102371406,-87.51616934227158,Theft,True,False,2020-02-01 12:00:00
41.81338443679053,-87.70485838242946,Robbery,True,True,2020-02-01 13:00:00
41.95755703322038,-87.856105520529,Theft,True,True,2020-02-01 14:00:00
41.91543888448981,-87.68081620441052,Theft,False,False,2020-02-01 15:00:00
41.660669951893105,-87.71824906617601,Theft,False,True,2020-02-01 16:00:00
41.72468882711822,-87.56225716690416,Assault,False,False,2020-02-01 17:00:00
41.699395655925784,-87.8607669676863,Vandalism,False,True,2020-02-01 18:00:00
41.89757851702907,-87.7047035451913,Assault,True,True,2020-02-01 19:00:00
41.61341297389431,-87.83998053412242,Assault,True,False,2020-02-01 20:00:00
41.827955873948525,-87.77012962924398,Theft,True,True,2020-02-01 21:00:00
41.90498347429627,-87.60505716904488,Assault,True,True,2020-02-01 22:00:00
41.9507062547047,-87.70959274825249,Theft,False,False,2020-02-01 23:00:00
41.736832699486364,-87.74964468594169,Vandalism,False,False,2020-02-02 00:00:00
41.928502921868805,-87.74220948857199,Robbery,False,True,2020-02-02 01:00:00
41.64425269478208,-87.71622129263761,Theft,True,False,2020-02-02 02:00:00
41.93858091669381,-87.58599338246518,Vandalism,True,True,2020-02-02 03:00:00
41.65099546493279,-87.5431661244239,Robbery,False,False,2020-02-02 04:00:00
41.75891491622415,-87.51786612539843,Burglary,False,True,2020-02-02 05:00:00
41.918918146311825,-87.58523864549788,Theft,True,True,2020-02-02 06:00:00
41.65996697093951,-87.7738372417008,Theft,False,False,2020-02-02 07:00:00
41.69170055809306,-87.62474611756538,Burglary,True,True,2020-02-02 08:00:00
41.88890102735723,-87.72495875037785,Burglary,True,True,2020-02-02 09:00:00
41.88801461461843,-87.79813175118159,Theft,True,False,2020-02-02 10:00:00
41.85645905315412,-87.56365136822963,Burglary,False,False,2020-02-02 11:00:00
41.87757937778684,-87.88462946041507,Assault,False,True,2020-02-02 12:00:00
41.81708977733904,-87.53929520314583,Robbery,True,False,2020-02-02 13:00:00
41.70071962356278,-87.71540901415011,Robbery,False,False,2020-02-02 14:00:00
41.738278397401565,-87.64511940927669,Robbery,True,True,2020-02-02 15:00:00
41.67263908672057,-87.63625843111768,Assault,True,True,2020-02-02 16:00:00
41.96338022453345,-87.54195290371739,Burglary,True,False,2020-02-02 17:00:00
41.83335671790645,-87.64533212713312,Vandalism,True,False,2020-02-02 18:00:00
41.76034056670546,-87.65442656609598,Burglary,False,False,2020-02-02 19:00:00
41.784802321457654,-87.87333918377573,Theft,True,True,2020-02-02 20:00:00
41.97891333584472,-87.69263679122191,Robbery,True,True,2020-02-02 21:00:00
41.66134056124643,-87.83993239967319,Burglary,False,True,2020-02-02 22:00:00
41.83449193280672,-87.60502649251141,Vandalism,True,True,2020-02-02 23:00:00
41.80235547155379,-87.69511123167493,Theft,True,True,2020-02-03 00:00:00
41.84458169417386,-87.62790888831665,Assault,False,True,2020-02-03 01:00:00
41.607244073528335,-87.88333083975905,Assault,False,True,2020-02-03 02:00:00
41.94884956357766,-87.86608319358169,Vandalism,False,False,2020-02-03 03:00:00
41.972847312993444,-87.61347064477494,Theft,True,False,2020-02-03 04:00:00
41.82605327343568,-87.87116626560054,Robbery,False,True,2020-02-03 05:00:00
41.878660329550755,-87.87149730889391,Burglary,False,True,2020-02-03 06:00:00
41.96899975247092,-87.89515660990605,Theft,True,True,2020-02-03 07:00:00
41.88289545372536,-87.51739944068021,Assault,True,False,2020-02-03 08:00:00
41.6610156171657,-87.6049966562164,Vandalism,True,True,2020-02-03 09:00:00
41.830515344066725,-87.75869943659917,Vandalism,True,False,2020-02-03 10:00:00
41.842686018553145,-87.78138576748495,Burglary,True,False,2020-02-03 11:00:00
41.76965226852096,-87.76011870810166,Vandalism,False,False,2020-02-03 12:00:00
41.89457769424989,-87.59013858752753,Vandalism,False,False,2020-02-03 13:00:00
41.97374680590761,-87.63545175557184,Theft,False,False,2020-02-03 14:00:00
41.97022740516271,-87.82592177285302,Robbery,True,True,2020-02-03 15:00:00
41.780335748561654,-87.83035626586637,Burglary,True,True,2020-02-03 16:00:00
41.6452952183363,-87.86064174011464,Theft,True,False,2020-02-03 17:00:00
41.99393647958493,-87.63587891211947,Robbery,False,True,2020-02-03 18:00:00
41.93555923457837,-87.5942509351113,Theft,False,False,2020-02-03 19:00:00
41.649865072481305,-87.79398142867001,Theft,True,False,2020-02-03 20:00:00
41.96833675304695,-87.89162201558764,Vandalism,False,True,2020-02-03 21:00:00
41.94795854482485,-87.86713133300944,Robbery,True,True,2020-02-03 22:00:00
41.80753522285043,-87.512855986062,Burglary,False,True,2020-02-03 23:00:00
41.83651017429797,-87.78182208900904,Burglary,False,True,2020-02-04 00:00:00
41.759601081548055,-87.59231074086475,Robbery,False,True,2020-02-04 01:00:00
41.621904655528816,-87.6501345724583,Vandalism,True,False,2020-02-04 02:00:00
41.73407889665836,-87.74722414413884,Assault,False,True,2020-02-04 03:00:00
41.921141379439206,-87.81772509512179,Theft,False,True,2020-02-04 04:00:00
41.601852809201844,-87.85144543273624,Vandalism,True,True,2020-02-04 05:00:00
41.73339966867646,-87.65399481278446,Robbery,False,False,2020-02-04 06:00:00
41.75926747743638,-87.59014648774489,Theft,True,True,2020-02-04 07:00:00
41.81495824117517,-87.64243829858356,Burglary,True,False,2020-02-04 08:00:00
41.9679422465651,-87.68787914670034,Assault,True,True,2020-02-04 09:00:00
41.73853839774639,-87.88321951062736,Burglary,True,True,2020-02-04 10:00:00
41.738781280758495,-87.51260448896225,Robbery,True,False,2020-02-04 11:00:00
41.8950004992439,-87.58051432333818,Theft,False,True,2020-02-04 12:00:00
41.780887176355925,-87.78287118531962,Robbery,True,True,2020-02-04 13:00:00
41.68984192917599,-87.50801186825646,Theft,True,False,2020-02-04 14:00:00
41.78097580645308,-87.65924736414547,Vandalism,True,True,2020-02-04 15:00:00
41.65634280815192,-87.6670309367171,Assault,True,False,2020-02-04 16:00:00
41.67055479460249,-87.60077072822818,Vandalism,False,False,2020-02-04 17:00:00
41.79934710909579,-87.57529208476394,Vandalism,True,False,2020-02-04 18:00:00
41.76757017980182,-87.6374085570674,Robbery,False,False,2020-02-04 19:00:00
41.96593836042724,-87.84876170145353,Assault,True,False,2020-02-04 20:00:00
41.74495755964666,-87.76469299760221,Theft,False,True,2020-02-04 21:00:00
41.83223534011122,-87.52876654386958,Theft,True,True,2020-02-04 22:00:00
41.852905715167815,-87.81015375526246,Burglary,True,True,2020-02-04 23:00:00
41.605237782635335,-87.751133190465,Theft,False,False,2020-02-05 00:00:00
41.86541494880669,-87.72716924682233,Robbery,True,False,2020-02-05 01:00:00
41.6712143867479,-87.72423800412223,Vandalism,False,False,2020-02-05 02:00:00
41.98442812698778,-87.65482416700219,Vandalism,True,False,2020-02-05 03:00:00
41.65946509110125,-87.52276966490211,Vandalism,False,True,2020-02-05 04:00:00
41.76584964949081,-87.803722915267,Assault,True,True,2020-02-05 05:00:00
41.63413986723146,-87.85139944947964,Theft,True,False,2020-02-05 06:00:00
41.99874970073838,-87.82101180405603,Robbery,False,False,2020-02-05 07:00:00
41.8008780041325,-87.54523003991629,Assault,True,True,2020-02-05 08:00:00
41.838154006928015,-87.64167567493791,Burglary,True,False,2020-02-05 09:00:00
41.62683059095537,-87.78563728430434,Robbery,True,False,2020-02-05 10:00:00
41.89998418815967,-87.57362122441255,Robbery,True,False,2020-02-05 11:00:00
41.683962237238234,-87.55545200145463,Robbery,True,True,2020-02-05 12:00:00
41.95922171577629,-87.56139426452388,Vandalism,True,True,2020-02-05 13:00:00
41.682055856192804,-87.53242938654418,Robbery,False,False,2020-02-05 14:00:00
41.67627508826547,-87.79910359193066,Theft,False,True,2020-02-05 15:00:00
41.61461986713924,-87.59798322850149,Robbery,False,False,2020-02-05 16:00:00
41.788826778044,-87.71578420109034,Vandalism,True,False,2020-02-05 17:00:00
41.82593645330505,-87.56320057884398,Robbery,False,True,2020-02-05 18:00:00
41.62628345577134,-87.60860372913535,Burglary,True,False,2020-02-05 19:00:00
41.91021104667801,-87.58942102140011,Burglary,True,False,2020-02-05 20:00:00
41.78131553389921,-87.63753526492758,Vandalism,True,True,2020-02-05 21:00:00
41.80975610773103,-87.82902849221212,Theft,True,False,2020-02-05 22:00:00
41.77630509877529,-87.68198923244123,Theft,False,False,2020-02-05 23:00:00
41.760305224350134,-87.5061321041902,Assault,True,False,2020-02-06 00:00:00
41.82385613252329,-87.52504477340115,Vandalism,False,True,2020-02-06 01:00:00
41.66209609837229,-87.8827305056812,Robbery,True,False,2020-02-06 02:00:00
41.67277125219811,-87.83407407370822,Vandalism,False,True,2020-02-06 03:00:00
41.944714248405404,-87.84730849061818,Assault,False,False,2020-02-06 04:00:00
41.97844618485345,-87.60960803600588,Vandalism,False,False,2020-02-06 05:00:00
41.7493237265119,-87.57288586805723,Vandalism,False,False,2020-02-06 06:00:00
41.70829786925742,-87.81459545347573,Assault,False,False,2020-02-06 07:00:00
41.85759981729561,-87.69765892281927,Theft,False,True,2020-02-06 08:00:00
41.76349366843924,-87.56371878879553,Robbery,True,True,2020-02-06 09:00:00
41.61015454226414,-87.6068793820935,Assault,False,False,2020-02-06 10:00:00
41.662461038946475,-87.68310511780327,Burglary,True,False,2020-02-06 11:00:00
41.88638889153896,-87.66386092381649,Theft,False,False,2020-02-06 12:00:00
41.863569576764064,-87.69665578123349,Burglary,True,False,2020-02-06 13:00:00
41.610838397001395,-87.78098061947247,Theft,False,False,2020-02-06 14:00:00
41.68878886477318,-87.6739912028564,Robbery,False,False,2020-02-06 15:00:00
41.69242991863523,-87.62444587917996,Robbery,True,False,2020-02-06 16:00:00
41.86875709743949,-87.55067083365567,Vandalism,False,False,2020-02-06 17:00:00
41.60788421510175,-87.64548345840831,Burglary,False,True,2020-02-06 18:00:00
41.64164343279383,-87.59555138518274,Theft,False,True,2020-02-06 19:00:00
41.91996643414927,-87.83597134601817,Robbery,True,True,2020-02-06 20:00:00
41.671417864821734,-87.71537701023209,Assault,False,False,2020-02-06 21:00:00
41.86109844314075,-87.89626735206917,Robbery,True,False,2020-02-06 22:00:00
41.69527311241869,-87.80132845419135,Assault,False,False,2020-02-06 23:00:00
41.63977655710374,-87.6094153139548,Theft,False,True,2020-02-07 00:00:00
41.69726887639978,-87.50327601946026,Robbery,True,False,2020-02-07 01:00:00
41.88890677274227,-87.86032876016512,Robbery,False,True,2020-02-07 02:00:00
41.94227858724251,-87.73940227365549,Theft,False,False,2020-02-07 03:00:00
41.932087945826794,-87.57997161252034,Robbery,True,True,2020-02-07 04:00:00
41.75887341184738,-87.81838574614845,Assault,False,True,2020-02-07 05:00:00
41.867234054628256,-87.67796602027909,Robbery,True,True,2020-02-07 06:00:00
41.68199371816633,-87.60677148158813,Burglary,True,False,2020-02-07 07:00:00
41.717259092104406,-87.65360581989593,Vandalism,True,True,2020-02-07 08:00:00
41.95853432740845,-87.82479010615384,Assault,False,False,2020-02-07 09:00:00
41.6052007694043,-87.7578461725257,Burglary,True,False,2020-02-07 10:00:00
41.63420341234179,-87.58648328620585,Theft,True,False,2020-02-07 11:00:00
41.683154502058414,-87.6783093943472,Assault,False,False,2020-02-07 12:00:00
41.61061288154953,-87.89790815458284,Vandalism,True,False,2020-02-07 13:00:00
41.67257417403592,-87.59560369598876,Vandalism,False,True,2020-02-07 14:00:00
41.83321662438788,-87.8858754580239,Theft,False,False,2020-02-07 15:00:00
41.768569820237,-87.6017064869075,Theft,False,False,2020-02-07 16:00:00
41.95706868443079,-87.81900777593391,Assault,False,False,2020-02-07 17:00:00
41.92697742469538,-87.51677060795225,Robbery,True,False,2020-02-07 18:00:00
41.73672694067915,-87.75282369947917,Theft,True,False,2020-02-07 19:00:00
41.703769373372516,-87.76922735346477,Robbery,True,True,2020-02-07 20:00:00
41.75187696326691,-87.84044477986703,Burglary,True,True,2020-02-07 21:00:00
41.83611797700593,-87.77775831380391,Vandalism,True,False,2020-02-07 22:00:00
41.70722545632915,-87.54933969526871,Robbery,False,True,2020-02-07 23:00:00
41.84965956313965,-87.5014662649491,Vandalism,True,True,2020-02-08 00:00:00
41.7637646608765,-87.75267618779726,Robbery,True,False,2020-02-08 01:00:00
41.820818872340794,-87.72055574761819,Burglary,True,True,2020-02-08 02:00:00
41.774450611654125,-87.6111716247189,Theft,False,False,2020-02-08 03:00:00
41.717786303816766,-87.54552168781397,Burglary,False,True,2020-02-08 04:00:00
41.97938132278486,-87.6627822663253,Theft,True,True,2020-02-08 05:00:00
41.905442317663905,-87.74338972072887,Theft,False,True,2020-02-08 06:00:00
41.656045270306585,-87.73495126366055,Vandalism,True,False,2020-02-08 07:00:00
41.947387190359166,-87.62175274140128,Burglary,True,True,2020-02-08 08:00:00
41.79497247929981,-87.8987126945583,Robbery,False,True,2020-02-08 09:00:00
41.95782089075764,-87.65216426501607,Burglary,False,False,2020-02-08 10:00:00
41.919942102378926,-87.75780279582347,Vandalism,True,False,2020-02-08 11:00:00
41.770085401787696,-87.58232106748916,Theft,True,True,2020-02-08 12:00:00
41.60898772332805,-87.86280374407075,Vandalism,False,False,2020-02-08 13:00:00
41.70747094375398,-87.66471909322064,Assault,True,True,2020-02-08 14:00:00
41.816653685864345,-87.70761084404555,Assault,False,True,2020-02-08 15:00:00
41.85339128793046,-87.6430697896379,Robbery,True,False,2020-02-08 16:00:00
41.70315507417328,-87.87405856220681,Vandalism,False,False,2020-02-08 17:00:00
41.65574242962913,-87.66800648502876,Robbery,True,False,2020-02-08 18:00:00
41.93397209471972,-87.6754061648162,Robbery,True,True,2020-02-08 19:00:00
41.99376087228142,-87.67573596223353,Assault,False,False,2020-02-08 20:00:00
41.81027607292108,-87.65860493336142,Robbery,True,True,2020-02-08 21:00:00
41.668671714339325,-87.62941282510945,Assault,True,False,2020-02-08 22:00:00
41.70892293060775,-87.5780044001277,Theft,False,True,2020-02-08 23:00:00
41.607356270618986,-87.79207171194872,Vandalism,True,False,2020-02-09 00:00:00
41.9657195226242,-87.56998023592797,Robbery,True,True,2020-02-09 01:00:00
41.647100433156055,-87.70069772709462,Assault,True,False,2020-02-09 02:00:00
41.830606590205704,-87.86917668834627,Burglary,False,True,2020-02-09 03:00:00
41.709622088274884,-87.87657962830241,Robbery,False,False,2020-02-09 04:00:00
41.82167120100632,-87.76630467252158,Theft,False,False,2020-02-09 05:00:00
41.860568155340744,-87.58604120915541,Theft,True,True,2020-02-09 06:00:00
41.93189672148288,-87.61692762610363,Burglary,True,False,2020-02-09 07:00:00
41.68256850870424,-87.58455401413104,Assault,True,True,2020-02-09 08:00:00
41.60439833146339,-87.69309237742335,Robbery,True,True,2020-02-09 09:00:00
41.65475425202752,-87.7239204008178,Assault,False,False,2020-02-09 10:00:00
41.96000745673924,-87.84101898931749,Theft,True,True,2020-02-09 11:00:00
41.949556031025004,-87.76872289855628,Assault,True,False,2020-02-09 12:00:00
41.83896524086813,-87.72639225353045,Theft,True,False,2020-02-09 13:00:00
41.840206744173464,-87.86455982812817,Assault,False,True,2020-02-09 14:00:00
41.866014669818505,-87.81175521891552,Burglary,True,False,2020-02-09 15:00:00
41.67014851144938,-87.6607098823745,Vandalism,True,True,2020-02-09 16:00:00
41.96576477836999,-87.60573475430432,Burglary,True,True,2020-02-09 17:00:00
41.76750820995683,-87.50066099544281,Burglary,True,False,2020-02-09 18:00:00
41.7532554112998,-87.52675466746258,Vandalism,True,False,2020-02-09 19:00:00
41.80756708211314,-87.64297392018592,Vandalism,False,True,2020-02-09 20:00:00
41.61878638671002,-87.73150077868237,Robbery,True,True,2020-02-09 21:00:00
41.66651334750243,-87.64552905411671,Robbery,True,False,2020-02-09 22:00:00
41.89521344657055,-87.5857393527679,Burglary,True,False,2020-02-09 23:00:00
41.633119467170054,-87.85266552363065,Burglary,True,False,2020-02-10 00:00:00
41.84126084378656,-87.73603804412149,Theft,True,False,2020-02-10 01:00:00
41.69813964387253,-87.56407908574576,Theft,True,True,2020-02-10 02:00:00
41.75571824561679,-87.74646681922678,Robbery,True,False,2020-02-10 03:00:00
41.71547749470828,-87.67125109150913,Robbery,True,True,2020-02-10 04:00:00
41.74226908658598,-87.66489225565512,Theft,True,True,2020-02-10 05:00:00
41.887618362073695,-87.82620949874655,Theft,True,False,2020-02-10 06:00:00
41.718848686249274,-87.7551058233391,Assault,False,True,2020-02-10 07:00:00
41.82656185611876,-87.76619548450323,Assault,False,False,2020-02-10 08:00:00
41.79042016087964,-87.88952131658718,Theft,False,True,2020-02-10 09:00:00
41.86546846614506,-87.89032329444346,Assault,False,False,2020-02-10 10:00:00
41.9747318957299,-87.5673211825297,Vandalism,True,True,2020-02-10 11:00:00
41.8930288388841,-87.79077167601088,Robbery,False,True,2020-02-10 12:00:00
41.68597615143631,-87.69276849350447,Robbery,False,False,2020-02-10 13:00:00
41.612473254024515,-87.78050977056449,Theft,True,False,2020-02-10 14:00:00
41.70490561771993,-87.52372830195387,Burglary,False,True,2020-02-10 15:00:00
41.838031172280104,-87.7962812964537,Theft,False,True,2020-02-10 16:00:00
41.6205703253937,-87.72813727490443,Assault,True,False,2020-02-10 17:00:00
41.7985464988805,-87.55090789980616,Burglary,True,True,2020-02-10 18:00:00
41.83873713956675,-87.56322657328327,Assault,True,False,2020-02-10 19:00:00
41.73369755632679,-87.8255594328615,Vandalism,False,True,2020-02-10 20:00:00
41.90836488149833,-87.57894267608172,Assault,False,False,2020-02-10 21:00:00
41.64263930125351,-87.71672524530484,Vandalism,True,True,2020-02-10 22:00:00
41.63005511269432,-87.70681245116586,Vandalism,True,False,2020-02-10 23:00:00
41.89127550248144,-87.84660801103362,Assault,False,False,2020-02-11 00:00:00
41.79819652648248,-87.86775939449716,Assault,True,True,2020-02-11 01:00:00
41.87536095857109,-87.6088242772105,Vandalism,False,False,2020-02-11 02:00:00
41.7739309354415,-87.70141553905788,Burglary,True,True,2020-02-11 03:00:00
41.69856081329564,-87.72525971895394,Vandalism,True,False,2020-02-11 04:00:00
41.92764092706968,-87.60819670853904,Robbery,False,False,2020-02-11 05:00:00
41.91976635158759,-87.59379484040356,Vandalism,True,False,2020-02-11 06:00:00
41.87787858834177,-87.83643673293227,Burglary,True,True,2020-02-11 07:00:00
41.708858054891984,-87.65590994020894,Robbery,True,False,2020-02-11 08:00:00
41.836092266747634,-87.84585836708894,Theft,False,True,2020-02-11 09:00:00
41.744389558776014,-87.59944996558838,Theft,True,False,2020-02-11 10:00:00
41.63663282933066,-87.63721793749315,Burglary,True,True,2020-02-11 11:00:00
41.966925430184894,-87.51735415156662,Vandalism,True,True,2020-02-11 12:00:00
41.65472745236759,-87.87241679345743,Assault,True,True,2020-02-11 13:00:00
41.98009494152832,-87.87717811153951,Burglary,True,False,2020-02-11 14:00:00
41.778402309183186,-87.78712517012272,Robbery,True,True,2020-02-11 15:00:00
